{"cameraMode":{"drawMode":0,"name":"Shaded","section":"Shading Mode"},"sceneLighting":true,"audioPlay":false,"sceneViewState":{"showFog":true,"showMaterialUpdate":false,"showSkybox":true,"showFlares":true,"showImageEffects":true,"showParticleSystems":true,"showVisualEffectGraphs":true,"m_FxEnabled":true},"in2DMode":false,"pivot":{"x":1.3229775428771973,"y":1.4290004968643189,"z":0.8476360440254211},"rotation":{"x":-0.003614425892010331,"y":0.7560028433799744,"z":-0.014861630275845528,"w":-0.6543989181518555},"size":1.2247446775436402,"orthographic":false}